Title,Album
"Lunatic Peels ~ Invisible Full Net","SiIvaGunner Presents: Somewhat Responsive to Requests ~ Touhou Album Now!"
"U.N. Owen Was a Cog?","SiIvaGunner Presents: Somewhat Responsive to Requests ~ Touhou Album Now!"
"Bad Voiceless!!","SiIvaGunner Presents: Somewhat Responsive to Requests ~ Touhou Album Now!"
"Chill Man's Perfect Climatology Class (Perfect Freeze Ver.)","SiIvaGunner Presents: Somewhat Responsive to Requests ~ Touhou Album Now!"
"Ayyyparitions Op the Night","SiIvaGunner Presents: Somewhat Responsive to Requests ~ Touhou Album Now!"
"Reimu is obviously Rocky. Game Theory said so.","SiIvaGunner Presents: Somewhat Responsive to Requests ~ Touhou Album Now!"
"Cheat Against the Girl Who Played in the Nostalgic Wonderland of Dead Spirits","SiIvaGunner Presents: Somewhat Responsive to Requests ~ Touhou Album Now!"
"Insane Clown Piece","SiIvaGunner Presents: Somewhat Responsive to Requests ~ Touhou Album Now!"
"End of Raging Baka","SiIvaGunner Presents: Somewhat Responsive to Requests ~ Touhou Album Now!"
"Battle! Champion Flandre","SiIvaGunner Presents: Somewhat Responsive to Requests ~ Touhou Album Now!"
"Dad Beats (Jerry Shoots a Strange Bird ~ Till When?)","SiIvaGunner Presents: Somewhat Responsive to Requests ~ Touhou Album Now!"
"Chapter 1 - Pocky & Rocky with Reimu!","SiIvaGunner Presents: Somewhat Responsive to Requests ~ Touhou Album Now!"
"Don't Ever Forget that this is Eternal Wind, not Tori no Uta or Moonstruck Blossom","SiIvaGunner Presents: Somewhat Responsive to Requests ~ Touhou Album Now!"
"Marisa Stole the Precious Remix 8","SiIvaGunner Presents: Somewhat Responsive to Requests ~ Touhou Album Now!"
"Lash's Teahouse","SiIvaGunner Presents: Somewhat Responsive to Requests ~ Touhou Album Now!"
"Primordial Yeet ~ Pristine Bro","SiIvaGunner Presents: Somewhat Responsive to Requests ~ Touhou Album Now!"
"Ah, good gourmet race today","SiIvaGunner Presents: Somewhat Responsive to Requests ~ Touhou Album Now!"
"UN Owen Was Grand Dad","SiIvaGunner Presents: Somewhat Responsive to Requests ~ Touhou Album Now!"
"Old Touhou Road","SiIvaGunner Presents: Somewhat Responsive to Requests ~ Touhou Album Now!"
"Flandre, Wario, and Woody Solve A Puzzle","SiIvaGunner Presents: Somewhat Responsive to Requests ~ Touhou Album Now!"
"Somebody said Diva's Device sound like Aquarium Park","SiIvaGunner Presents: Somewhat Responsive to Requests ~ Touhou Album Now!"
"Mystic Storm ~ Snow or Maroon Petal","SiIvaGunner Presents: Somewhat Responsive to Requests ~ Touhou Album Now!"
"Solar Man's Nuclear Fusion Dojo","SiIvaGunner Presents: Somewhat Responsive to Requests ~ Touhou Album Now!"
"Satori's Mansion","SiIvaGunner Presents: Somewhat Responsive to Requests ~ Touhou Album Now!"
"Rugby Nines","SiIvaGunner Presents: Somewhat Responsive to Requests ~ Touhou Album Now!"
"BAD CORPSE!!","SiIvaGunner Presents: Somewhat Responsive to Requests ~ Touhou Album Now!"
"Meme Express","SiIvaGunner Presents: Somewhat Responsive to Requests ~ Touhou Album Now!"
"Lyra Forest Shrine","SiIvaGunner Presents: Somewhat Responsive to Requests ~ Touhou Album Now!"
"Route to the Netherworld","SiIvaGunner Presents: Somewhat Responsive to Requests ~ Touhou Album Now!"
"Final Battle - Banjo Toohooie","SiIvaGunner Presents: Somewhat Responsive to Requests ~ Touhou Album Now!"
"Haltmann's Youkai Ripper","SiIvaGunner Presents: Somewhat Responsive to Requests ~ Touhou Album Now!"
"A Reversed Test of Might","SiIvaGunner Presents: Somewhat Responsive to Requests ~ Touhou Album Now!"
"Bad Gadget!!","SiIvaGunner Presents: Somewhat Responsive to Requests ~ Touhou Album Now!"
"Hate not the Grand, Snow Blossoms ~ Eternal Meme","SiIvaGunner Presents: Somewhat Responsive to Requests ~ Touhou Album Now!"
"Night of Flowering Nights and Memes","SiIvaGunner Presents: Somewhat Responsive to Requests ~ Touhou Album Now!"
"3y3 am the strong3st","SiIvaGunner Presents: Somewhat Responsive to Requests ~ Touhou Album Now!"
"Le Rabbit has Landed (from the Past)","SiIvaGunner Presents: Somewhat Responsive to Requests ~ Touhou Album Now!"
"Porky's Bad Apples","SiIvaGunner Presents: Somewhat Responsive to Requests ~ Touhou Album Now!"
"Comrade Cirno Collides","SiIvaGunner Presents: Somewhat Responsive to Requests ~ Touhou Album Now!"
"Cutting-Bamboo Music","SiIvaGunner Presents: Somewhat Responsive to Requests ~ Touhou Album Now!"
"Nitorishack","SiIvaGunner Presents: Somewhat Responsive to Requests ~ Touhou Album Now!"
"Strange Oriental Rydeen","SiIvaGunner Presents: Somewhat Responsive to Requests ~ Touhou Album Now!"
"A Dad's Grand Funeral ~ Necro Flintstonesy","SiIvaGunner Presents: Somewhat Responsive to Requests ~ Touhou Album Now!"
"The Centennial Festival for Grand Girls","SiIvaGunner Presents: Somewhat Responsive to Requests ~ Touhou Album Now!"
"That Fresh Fusion is Nuclear","SiIvaGunner Presents: Somewhat Responsive to Requests ~ Touhou Album Now!"
"Rock It, Pack Attack","SiIvaGunner Presents: Somewhat Responsive to Requests ~ Touhou Album Now!"
"U.N. Owen Was Her (Beta Mix) - Touhou 6 the Embodiment of Scarlet Devil","SiIvaGunner Presents: Somewhat Responsive to Requests ~ Touhou Album Now!"
"Hate not the Fortress","SiIvaGunner Presents: Somewhat Responsive to Requests ~ Touhou Album Now!"
"翹課 Run Cirno Run","SiIvaGunner Presents: Somewhat Responsive to Requests ~ Touhou Album Now!"
"Revenge of the Fairy","SiIvaGunner Presents: Somewhat Responsive to Requests ~ Touhou Album Now!"
"Squeaky Wisdom ft. Rob Thomas","SiIvaGunner Presents: Somewhat Responsive to Requests ~ Touhou Album Now!"
"Bad Koopa","SiIvaGunner Presents: Somewhat Responsive to Requests ~ Touhou Album Now!"
"Bad Castle!!","SiIvaGunner Presents: Somewhat Responsive to Requests ~ Touhou Album Now!"
"Silph Co. Alien with Gadget","SiIvaGunner Presents: Somewhat Responsive to Requests ~ Touhou Album Now!"
"Nuclear Battle with Plastro","SiIvaGunner Presents: Somewhat Responsive to Requests ~ Touhou Album Now!"
"Buzz's Voyage","SiIvaGunner Presents: Somewhat Responsive to Requests ~ Touhou Album Now!"
"This song sounds like Legend of Sanada and Vanishing Memories","SiIvaGunner Presents: Somewhat Responsive to Requests ~ Touhou Album Now!"
"Merry-Go-Apple","SiIvaGunner Presents: Somewhat Responsive to Requests ~ Touhou Album Now!"
"Romantic Skyscrapper","SiIvaGunner Presents: Somewhat Responsive to Requests ~ Touhou Album Now!"
"WORLD YAM","SiIvaGunner Presents: Somewhat Responsive to Requests ~ Touhou Album Now!"
"Bad Trax!!","SiIvaGunner Presents: Somewhat Responsive to Requests ~ Touhou Album Now!"
"Counting a Thousand Broken Inkantations","SiIvaGunner Presents: Somewhat Responsive to Requests ~ Touhou Album Now!"
"Vs. Starry Dreama (Phase 1)","SiIvaGunner Presents: Somewhat Responsive to Requests ~ Touhou Album Now!"
"GENSOKYO","SiIvaGunner Presents: Somewhat Responsive to Requests ~ Touhou Album Now!"
"Treacherous Baka!","SiIvaGunner Presents: Somewhat Responsive to Requests ~ Touhou Album Now!"
"Theme of Tou Hou City","SiIvaGunner Presents: Somewhat Responsive to Requests ~ Touhou Album Now!"
"Trouhouth","SiIvaGunner Presents: Somewhat Responsive to Requests ~ Touhou Album Now!"
"Kanbei hanging in Gensokyo","SiIvaGunner Presents: Somewhat Responsive to Requests ~ Touhou Album Now!"
"Bad Remix!!","SiIvaGunner Presents: Somewhat Responsive to Requests ~ Touhou Album Now!"
"Tomboyish Girl, in Cupcakes","SiIvaGunner Presents: Somewhat Responsive to Requests ~ Touhou Album Now!"
"Reverse Miniboss","SiIvaGunner Presents: Somewhat Responsive to Requests ~ Touhou Album Now!"
"Initial Daisuke神社​.​hqr","SiIvaGunner Presents: Somewhat Responsive to Requests ~ Touhou Album Now!"
"Reimu & the Fortress of Doom","SiIvaGunner Presents: Somewhat Responsive to Requests ~ Touhou Album Now!"
"Number One Was Him","SiIvaGunner Presents: Somewhat Responsive to Requests ~ Touhou Album Now!"
"OMG SONG NAME IS METATRON THIS MUST BE UNDERTALE JOKE","SiIvaGunner Presents: Somewhat Responsive to Requests ~ Touhou Album Now!"
"Badoporu","SiIvaGunner Presents: Somewhat Responsive to Requests ~ Touhou Album Now!"
"Momiji Inubashiri's Ocarina","SiIvaGunner Presents: Somewhat Responsive to Requests ~ Touhou Album Now!"
"Red Meets Red","SiIvaGunner Presents: Somewhat Responsive to Requests ~ Touhou Album Now!"
"Green-Eyed Jealousy","SiIvaGunner Presents: Somewhat Responsive to Requests ~ Touhou Album Now!"
"Empty Black​-​Ink Cherry Blossom Tome","SiIvaGunner Presents: Somewhat Responsive to Requests ~ Touhou Album Now!"
"Reincarnation of the Evil Spirit Maiden","SiIvaGunner Presents: Somewhat Responsive to Requests ~ Touhou Album Now!"
"Nostalgic Blood of Ohio ~ Modern World","SiIvaGunner Presents: Somewhat Responsive to Requests ~ Touhou Album Now!"
"Relic Song (JP Mix)","SiIvaGunner Presents: Somewhat Responsive to Requests ~ Touhou Album Now!"
"mario touhoe 4th album release lets go","SiIvaGunner Presents: Somewhat Responsive to Requests ~ Touhou Album Now!"
"Hartmann's Yabba Doo","SiIvaGunner Presents: Somewhat Responsive to Requests ~ Touhou Album Now!"
"Chicken and Rice","SiIvaGunner Presents: Somewhat Responsive to Requests ~ Touhou Album Now!"
"Lucid Dreamer","SiIvaGunner Presents: Somewhat Responsive to Requests ~ Touhou Album Now!"
"U.N. Haltmann Race (Glitch Edit)","SiIvaGunner Presents: Somewhat Responsive to Requests ~ Touhou Album Now!"
"Cyclemiru (Soulja Boy 2)","SiIvaGunner Presents: Somewhat Responsive to Requests ~ Touhou Album Now!"
"Meiling Wall","SiIvaGunner Presents: Somewhat Responsive to Requests ~ Touhou Album Now!"
"Higan Retour ~ Memeside View","SiIvaGunner Presents: Somewhat Responsive to Requests ~ Touhou Album Now!"
"Lost-Colored Woods","SiIvaGunner Presents: Somewhat Responsive to Requests ~ Touhou Album Now!"
"Unlocated Rap Battle of Hell","SiIvaGunner Presents: Somewhat Responsive to Requests ~ Touhou Album Now!"
"Sanae please have mercy","SiIvaGunner Presents: Somewhat Responsive to Requests ~ Touhou Album Now!"
"Distouhoution","SiIvaGunner Presents: Somewhat Responsive to Requests ~ Touhou Album Now!"
"Style of Nights","SiIvaGunner Presents: Somewhat Responsive to Requests ~ Touhou Album Now!"
"Maçã das Poderosas","SiIvaGunner Presents: Somewhat Responsive to Requests ~ Touhou Album Now!"
"Initial Pilot","SiIvaGunner Presents: Somewhat Responsive to Requests ~ Touhou Album Now!"
"Plastic Awoo","SiIvaGunner Presents: Somewhat Responsive to Requests ~ Touhou Album Now!"
"Iron Maiden","SiIvaGunner Presents: Somewhat Responsive to Requests ~ Touhou Album Now!"
"Doll Chungment ~ the Girl Who Smoked You Like a Juul Pod","SiIvaGunner Presents: Somewhat Responsive to Requests ~ Touhou Album Now!"
"Suwa Striker","SiIvaGunner Presents: Somewhat Responsive to Requests ~ Touhou Album Now!"
"Running Bullet Hell","SiIvaGunner Presents: Somewhat Responsive to Requests ~ Touhou Album Now!"
"Eternal Battle","SiIvaGunner Presents: Somewhat Responsive to Requests ~ Touhou Album Now!"
"Nuclear-Wise","SiIvaGunner Presents: Somewhat Responsive to Requests ~ Touhou Album Now!"
"U.N. Owen Was at Disneyland","SiIvaGunner Presents: Somewhat Responsive to Requests ~ Touhou Album Now!"
"An Apple Fairy Disaster!","SiIvaGunner Presents: Somewhat Responsive to Requests ~ Touhou Album Now!"
"Sheep Man Takes on Cirno as a Temporary Secretary","SiIvaGunner Presents: Somewhat Responsive to Requests ~ Touhou Album Now!"
"Hate Not the Wind, but the Infinite Being","SiIvaGunner Presents: Somewhat Responsive to Requests ~ Touhou Album Now!"
"Battle! (Legendary Yukari)","SiIvaGunner Presents: Somewhat Responsive to Requests ~ Touhou Album Now!"
"ZUN's Theme","SiIvaGunner Presents: Somewhat Responsive to Requests ~ Touhou Album Now!"
"Himorogi Battle","SiIvaGunner Presents: Somewhat Responsive to Requests ~ Touhou Album Now!"
"Wind God Villain Number One","SiIvaGunner Presents: Somewhat Responsive to Requests ~ Touhou Album Now!"
"Are You A Real Villain ~ We Are Number One","SiIvaGunner Presents: Somewhat Responsive to Requests ~ Touhou Album Now!"
"Candid Song","SiIvaGunner Presents: Somewhat Responsive to Requests ~ Touhou Album Now!"
"A School's Past Encounter","SiIvaGunner Presents: Somewhat Responsive to Requests ~ Touhou Album Now!"
"Remix 9, Thanks Zophar","SiIvaGunner Presents: Somewhat Responsive to Requests ~ Touhou Album Now!"
"The Snow Where One's Home Planet Halates","SiIvaGunner Presents: Somewhat Responsive to Requests ~ Touhou Album Now!"
"Surge of Shouts ~ Crimson Waterfall","SiIvaGunner Presents: Somewhat Responsive to Requests ~ Touhou Album Now!"
"Grand Lunar Capital's Eternal Administrator","SiIvaGunner Presents: Somewhat Responsive to Requests ~ Touhou Album Now!"
"Last Apple!!","SiIvaGunner Presents: Somewhat Responsive to Requests ~ Touhou Album Now!"
"Seasonical Astronomy Fantasy","SiIvaGunner Presents: Somewhat Responsive to Requests ~ Touhou Album Now!"
"Hartmanners Youkaier Girler","SiIvaGunner Presents: Somewhat Responsive to Requests ~ Touhou Album Now!"
"The Concealed Medley","SiIvaGunner Presents: Somewhat Responsive to Requests ~ Touhou Album Now!"
"Eternal Wind but it's BOSM","SiIvaGunner Presents: Somewhat Responsive to Requests ~ Touhou Album Now!"
"Does this Forbidden Rip Lead to Flintstones, Haltmann or Eternal Wind?","SiIvaGunner Presents: Somewhat Responsive to Requests ~ Touhou Album Now!"
"Provincial Makai City Slam","SiIvaGunner Presents: Somewhat Responsive to Requests ~ Touhou Album Now!"
"Cavern of Eternal Remembrance","SiIvaGunner Presents: Somewhat Responsive to Requests ~ Touhou Album Now!"
"Strange Oriental Dispacito","SiIvaGunner Presents: Somewhat Responsive to Requests ~ Touhou Album Now!"
"Wind Priestess Stage","SiIvaGunner Presents: Somewhat Responsive to Requests ~ Touhou Album Now!"
"Occult Inspect","SiIvaGunner Presents: Somewhat Responsive to Requests ~ Touhou Album Now!"
"Love-Colored SOS","SiIvaGunner Presents: Somewhat Responsive to Requests ~ Touhou Album Now!"
"The Grand Finale (Kaguya Mix)","SiIvaGunner Presents: Somewhat Responsive to Requests ~ Touhou Album Now!"
"Joke Soulja Baka (remastered)","SiIvaGunner Presents: Somewhat Responsive to Requests ~ Touhou Album Now!"
"Reach for the Clout, It's Everyday Smoke","SiIvaGunner Presents: Somewhat Responsive to Requests ~ Touhou Album Now!"
"Nuclear Dingodile","SiIvaGunner Presents: Somewhat Responsive to Requests ~ Touhou Album Now!"
"Ice Emblem","SiIvaGunner Presents: Somewhat Responsive to Requests ~ Touhou Album Now!"
"Deceiving Charm ~ Evil Spirit Maiden (Haunted)","SiIvaGunner Presents: Somewhat Responsive to Requests ~ Touhou Album Now!"
"Bad Attle!!","SiIvaGunner Presents: Somewhat Responsive to Requests ~ Touhou Album Now!"
"Pikotaro's Perfect PPAP Class","SiIvaGunner Presents: Somewhat Responsive to Requests ~ Touhou Album Now!"
"Lullaby of Geothermic Hell","SiIvaGunner Presents: Somewhat Responsive to Requests ~ Touhou Album Now!"
"Seija's Athletic","SiIvaGunner Presents: Somewhat Responsive to Requests ~ Touhou Album Now!"
"Diving under Lotus Maze","SiIvaGunner Presents: Somewhat Responsive to Requests ~ Touhou Album Now!"
"Unfounded Apple","SiIvaGunner Presents: Somewhat Responsive to Requests ~ Touhou Album Now!"
"MEGALODARKNESS but it's MIDI","SiIvaGunner Presents: Somewhat Responsive to Requests ~ Touhou Album Now!"
"Gensokyo Riverlands","SiIvaGunner Presents: Somewhat Responsive to Requests ~ Touhou Album Now!"
"Bad Opple!!","SiIvaGunner Presents: Somewhat Responsive to Requests ~ Touhou Album Now!"
"Tekkno Raven","SiIvaGunner Presents: Somewhat Responsive to Requests ~ Touhou Album Now!"
"Conflict of a Chill Heron (Short Ver.)","SiIvaGunner Presents: Somewhat Responsive to Requests ~ Touhou Album Now!"
"Youkai Approaching!!","SiIvaGunner Presents: Somewhat Responsive to Requests ~ Touhou Album Now!"
"Big Churno","SiIvaGunner Presents: Somewhat Responsive to Requests ~ Touhou Album Now!"
"A Tiny Tiny Tiny Tiny Tiny Tiny Tiny Tiny Tiny Tiny Tiny Tiny Tiny Tiny Tiny Tiny Tiny Tiny Tiny Tiny Tiny Tiny Tiny Tiny Tiny Tiny Tiny Tiny","SiIvaGunner Presents: Somewhat Responsive to Requests ~ Touhou Album Now!"
"The McRoll except it isn't off key","SiIvaGunner Presents: Somewhat Responsive to Requests ~ Touhou Album Now!"
"The Young Descendant of Grand Dad","SiIvaGunner Presents: Somewhat Responsive to Requests ~ Touhou Album Now!"
"The Wabbit Has Landed","SiIvaGunner Presents: Somewhat Responsive to Requests ~ Touhou Album Now!"
"Lunatic Dad","SiIvaGunner Presents: Somewhat Responsive to Requests ~ Touhou Album Now!"
"Bad Boi","SiIvaGunner Presents: Somewhat Responsive to Requests ~ Touhou Album Now!"
"Mamizou Pinball","SiIvaGunner Presents: Somewhat Responsive to Requests ~ Touhou Album Now!"
"Neko Miko Ryuko","SiIvaGunner Presents: Somewhat Responsive to Requests ~ Touhou Album Now!"
"Modern Stone Age FamilyMart","SiIvaGunner Presents: Somewhat Responsive to Requests ~ Touhou Album Now!"
"Pineapple Sign ""Pen Spear Dance""","SiIvaGunner Presents: Somewhat Responsive to Requests ~ Touhou Album Now!"
"Hakurei ~ Eastern Meme (SC88)","SiIvaGunner Presents: Somewhat Responsive to Requests ~ Touhou Album Now!"
"MEGALODARKNESS","SiIvaGunner Presents: Somewhat Responsive to Requests ~ Touhou Album Now!"
"Chapter 2 - Pocky & Rocky with Reimu!","SiIvaGunner Presents: Somewhat Responsive to Requests ~ Touhou Album Now!"
"King Suwako","SiIvaGunner Presents: Somewhat Responsive to Requests ~ Touhou Album Now!"
"Inanimate Baka","SiIvaGunner Presents: Somewhat Responsive to Requests ~ Touhou Album Now!"
"Papyrus the Strong's Revenge!","SiIvaGunner Presents: Somewhat Responsive to Requests ~ Touhou Album Now!"
"A Sacred Sealing of an Oriental Dark Administrator ~ Wondrous Land Mandala","SiIvaGunner Presents: Somewhat Responsive to Requests ~ Touhou Album Now!"
"Splash God Woman","SiIvaGunner Presents: Somewhat Responsive to Requests ~ Touhou Album Now!"
"O.F.C. Owen was Her?","SiIvaGunner Presents: Somewhat Responsive to Requests ~ Touhou Album Now!"
"Chapter 3 - Pocky & Rocky with Reimu!","SiIvaGunner Presents: Somewhat Responsive to Requests ~ Touhou Album Now!"
"The Grimoire of Guile","SiIvaGunner Presents: Somewhat Responsive to Requests ~ Touhou Album Now!"
"Unlockable Meme ~ Star Azure Fantasy (Yuuto Ichika)","SiIvaGunner Presents: Somewhat Responsive to Requests ~ Touhou Album Now!"
"K.K.'s Advanced Math Class","SiIvaGunner Presents: Somewhat Responsive to Requests ~ Touhou Album Now!"
"Mario's Perfect Gangsta Class","SiIvaGunner Presents: Somewhat Responsive to Requests ~ Touhou Album Now!"
"Eternal Snow Maiden","SiIvaGunner Presents: Somewhat Responsive to Requests ~ Touhou Album Now!"
"Reincarnated Shrine","SiIvaGunner Presents: Somewhat Responsive to Requests ~ Touhou Album Now!"
"Super Babylon Apple Racing","SiIvaGunner Presents: Somewhat Responsive to Requests ~ Touhou Album Now!"
"Casketobadostronger","SiIvaGunner Presents: Somewhat Responsive to Requests ~ Touhou Album Now!"
"Idolatrize Mima","SiIvaGunner Presents: Somewhat Responsive to Requests ~ Touhou Album Now!"
"Reimaginated Dimension of Danmaku","SiIvaGunner Presents: Somewhat Responsive to Requests ~ Touhou Album Now!"
"Futatsuiwa from PPAP","SiIvaGunner Presents: Somewhat Responsive to Requests ~ Touhou Album Now!"
"Mario's Perfect Gangsta Class (Instrumental)","SiIvaGunner Presents: Somewhat Responsive to Requests ~ Touhou Album Now!"
"i guess if you think about all touhou characters are aliens.  doubt a single one is a normal human being.","Transmission Archive ~ The SiIvaGunner All-Star Nuclear Winter Festival Collection"
